[
    {
      "name": "Maggi",
      "time": "5 mins",
      "serves": "1 person",
      "ingredients": ["1 pack Maggi", "1 cup water", "Taste maker"],
      "steps": [
        "Boil 1 cup of water in a saucepan over medium heat.",
        "Once the water starts boiling, break the Maggi noodle block into pieces and add it to the boiling water.",
        "Add the Maggi tastemaker (spice mix) to the water and stir well.",
        "Let the noodles cook for 2-3 minutes, stirring occasionally.",
        "Optional: Add chopped vegetables or a pinch of salt/chili powder for extra flavor.",
        "Once the noodles are cooked and water is absorbed, turn off the heat.",
        "Serve and enjoy your hot Maggi noodles!"
      ]
    },
    {
      "name": "Paneer Butter Masala",
      "time": "30 mins",
      "serves": "2 persons",
      "ingredients": ["200g paneer", "2 tomatoes", "Butter", "Cream", "Garam masala", "Salt", "Coriander"],
      "steps": [
        "Fry paneer cubes in butter until golden brown.",
        "Make a smooth paste of tomatoes, ginger, garlic, and garam masala.",
        "Cook the paste in butter until it releases oil.",
        "Add cream and mix well.",
        "Add fried paneer cubes, salt, and cook for 5-10 minutes.",
        "Garnish with fresh coriander and serve with naan."
      ]
    },
    {
      "name": "Aloo Paratha",
      "time": "20 mins",
      "serves": "2 persons",
      "ingredients": ["2 potatoes", "Wheat flour", "Salt", "Garam masala", "Coriander leaves", "Oil"],
      "steps": [
        "Mash boiled potatoes and mix with salt, garam masala, and chopped coriander.",
        "Make dough with wheat flour and water.",
        "Stuff the dough with the potato mixture and roll it into a flatbread.",
        "Cook the paratha on a griddle with oil until both sides are golden brown.",
        "Serve with yogurt or pickle."
      ]
    },
    {
      "name": "Poha",
      "time": "10 mins",
      "serves": "2 persons",
      "ingredients": ["1 cup poha", "Onion", "Mustard seeds", "Curry leaves", "Turmeric", "Salt", "Lemon juice"],
      "steps": [
        "Wash and drain poha.",
        "In a pan, heat oil and add mustard seeds, curry leaves, and onions.",
        "Add turmeric and salt, then mix in the poha.",
        "Cook for 2-3 minutes and add lemon juice.",
        "Serve hot with coriander leaves."
      ]
    },
    {
      "name": "Chai",
      "time": "5 mins",
      "serves": "1 person",
      "ingredients": ["Water", "Tea leaves", "Sugar", "Milk"],
      "steps": [
        "Boil water and add tea leaves.",
        "Add sugar as per taste and let it brew for a minute.",
        "Add milk and simmer for another minute.",
        "Strain and serve hot."
      ]
    },
    {
      "name": "Sandwich",
      "time": "5 mins",
      "serves": "1 person",
      "ingredients": ["Bread slices", "Butter", "Cheese", "Lettuce", "Tomato"],
      "steps": [
        "Butter the bread slices.",
        "Layer cheese, lettuce, and tomato slices between the bread.",
        "Grill the sandwich or serve cold."
      ]
    },
    {
      "name": "Vegetable Biryani",
      "time": "30 mins",
      "serves": "4 persons",
      "ingredients": ["Rice", "Mixed vegetables", "Biryani masala", "Ginger garlic paste", "Onion", "Mint leaves"],
      "steps": [
        "Cook rice and set it aside.",
        "Fry onions and ginger garlic paste.",
        "Add mixed vegetables and biryani masala.",
        "Layer the rice with the cooked vegetables and garnish with mint leaves.",
        "Cook for 10 minutes and serve hot."
      ]
    },
    {
      "name": "Pasta",
      "time": "15 mins",
      "serves": "2 persons",
      "ingredients": ["Pasta", "Tomato sauce", "Garlic", "Olive oil", "Cheese", "Basil"],
      "steps": [
        "Cook pasta according to package instructions.",
        "In a pan, heat olive oil and sauté garlic.",
        "Add tomato sauce and cook for 5 minutes.",
        "Toss the cooked pasta in the sauce and top with cheese and basil.",
        "Serve hot."
      ]
    },
    {
      "name": "Egg Bhurji",
      "time": "10 mins",
      "serves": "2 persons",
      "ingredients": ["Eggs", "Onion", "Tomato", "Green chili", "Coriander", "Salt", "Oil"],
      "steps": [
        "Heat oil in a pan and sauté onions, tomatoes, and green chili.",
        "Add scrambled eggs and cook until done.",
        "Add salt and garnish with coriander leaves.",
        "Serve with bread or paratha."
      ]
    },
    {
      "name": "Masala Dosa",
      "time": "30 mins",
      "serves": "2 persons",
      "ingredients": ["Dosa batter", "Potatoes", "Mustard seeds", "Curry leaves", "Tamarind chutney"],
      "steps": [
        "Prepare dosa batter and spread it on a hot griddle.",
        "For the filling, cook potatoes with mustard seeds, curry leaves, and salt.",
        "Fill the dosa with the potato mixture and serve with chutneys."
      ]
    },
    {
      "name": "Lassi",
      "time": "5 mins",
      "serves": "1 person",
      "ingredients": ["Yogurt", "Water", "Sugar", "Ice"],
      "steps": [
        "Blend yogurt, water, sugar, and ice until smooth.",
        "Serve chilled."
      ]
    },
    {
      "name": "Dal Tadka",
      "time": "20 mins",
      "serves": "4 persons",
      "ingredients": ["Toor dal", "Onion", "Tomato", "Garlic", "Ginger", "Ghee", "Cumin seeds", "Coriander"],
      "steps": [
        "Cook toor dal until soft.",
        "In ghee, sauté cumin seeds, onions, garlic, and ginger.",
        "Add tomatoes and cook until soft.",
        "Add the cooked dal and simmer for 10 minutes.",
        "Garnish with coriander and serve hot."
      ]
    },
    {
      "name": "Samosa",
      "time": "30 mins",
      "serves": "4 persons",
      "ingredients": ["Samosa wrappers", "Potatoes", "Peas", "Cumin seeds", "Chili powder", "Salt"],
      "steps": [
        "Make a filling of boiled potatoes, peas, cumin seeds, chili powder, and salt.",
        "Stuff the samosa wrappers with the filling and seal them.",
        "Fry in hot oil until golden brown.",
        "Serve with tamarind chutney."
      ]
    },
    {
      "name": "Chapati",
      "time": "10 mins",
      "serves": "2 persons",
      "ingredients": ["Wheat flour", "Water", "Salt"],
      "steps": [
        "Make a soft dough with wheat flour, water, and salt.",
        "Roll the dough into small circles and cook on a griddle until golden brown on both sides.",
        "Serve with curry or dal."
      ]
    },
    {
      "name": "Pav Bhaji",
      "time": "25 mins",
      "serves": "2 persons",
      "ingredients": ["Pav buns", "Mixed vegetables", "Tomato", "Onion", "Butter", "Pav bhaji masala"],
      "steps": [
        "Mash boiled vegetables and cook them with tomatoes, onions, and pav bhaji masala.",
        "Butter the pav buns and toast them.",
        "Serve pav with the vegetable mixture."
      ]
    },
    {
      "name": "Fruit Salad",
      "time": "10 mins",
      "serves": "2 persons",
      "ingredients": ["Apple", "Banana", "Orange", "Papaya", "Lemon juice", "Honey"],
      "steps": [
        "Chop all the fruits into bite-sized pieces.",
        "Toss them with lemon juice and honey.",
        "Serve chilled."
      ]
    },
    {
      "name": "Rice Pudding",
      "time": "25 mins",
      "serves": "4 persons",
      "ingredients": ["Rice", "Milk", "Sugar", "Cardamom", "Almonds"],
      "steps": [
        "Cook rice in milk until soft.",
        "Add sugar, cardamom, and cook until thickened.",
        "Garnish with almonds and serve chilled."
      ]
    },
    {
      "name": "Chicken Curry",
      "time": "30 mins",
      "serves": "4 persons",
      "ingredients": ["Chicken", "Onion", "Tomato", "Ginger garlic paste", "Curry leaves", "Coriander powder", "Garam masala"],
      "steps": [
        "Cook chicken with ginger garlic paste and onions.",
        "Add tomatoes, curry leaves, coriander powder, and garam masala.",
        "Simmer until chicken is fully cooked.",
        "Serve with rice or naan."
      ]
    },
    {
      "name": "Mango Lassi",
      "time": "5 mins",
      "serves": "1 person",
      "ingredients": ["Mango pulp", "Yogurt", "Sugar", "Ice"],
      "steps": [
        "Blend mango pulp, yogurt, sugar, and ice until smooth.",
        "Serve chilled."
      ]
    },
    {
      "name": "Bhel Puri",
      "time": "10 mins",
      "serves": "2 persons",
      "ingredients": ["Puffed rice", "Sev", "Onion", "Tomato", "Coriander", "Tamarind chutney", "Chili powder"],
      "steps": [
        "Mix puffed rice, sev, chopped onions, tomatoes, and coriander.",
        "Add tamarind chutney, chili powder, and mix well.",
        "Serve immediately."
      ]
    }
  ]
  